firstname,lastname,phone
Test 1,Test 1,+32473267865
Test 2,Test 2,+32473267865
Test 3,Test 3,+32473267865
Test 4,Test 4,+32473267865
Test 5,Test 5,+32473267865
Test 6,Test 6,+32473267865
Test 7,Test 7,+32473267865
Test 8,Test 8,+32473267865
Test 9,Test 9,+32473267865
Test 10,Test 10,+32473267865
Test 11,Test 11,+32473267865
Test 12,Test 12,+32473267865
Test 13,Test 13,+32473267865
Test 14,Test 14,+32473267865
Test 15,Test 15,+32473267865
Test 16,Test 16,+32473267865
Test 17,Test 17,+32473267865
Test 18,Test 18,+32473267865
Test 19,Test 19,+32473267865
Test 20,Test 20,+32473267865
Test 21,Test 21,+32473267865
Test 22,Test 22,+32473267865
Test 23,Test 23,+32473267865
Test 24,Test 24,+32473267865
Test 25,Test 25,+32473267865
